{
	"questions": [
		{
			"question":"Quel jour a eu lieu la fusillade dans les locaux de Charlie Hebdo ?",
			"responses":[
				{"value":"5 janvier", "correct":true},
				{"value":"7 janvier"},
				{"value":"9 janvier"},
				{"value":"13 janvier"}
			]
		},
		{
			"question":"Quel joueur de tennis a remporté le tournoi de Roland-Garros le 7 juin ?",
			"responses":[
				{"value":"Rafael Nadal"},
				{"value":"Stanislas Wawrinka", "correct":true},
				{"value":"Novak Djokovic"},
				{"value":"Roger Federer"}
			]
		},
		{
			"question":"Dans quel pays le vol 9525 Germanwings s'est-il écrasé le 24 mars ?",
			"responses":[
				{"value":"Espagne"},
				{"value":"France", "correct":true},
				{"value":"Suisse"},
				{"value":"Autriche"}
			]
		},
		{
			"question":"Quel pays a remporté l'Eurovision en mai ?",
			"responses":[
				{"value":"Australie"},
				{"value":"Norvège"},
				{"value":"Suède", "correct":true},
				{"value":"Pologne"}
			]
		},
		{
			"question":"Combien de temps a passé Claire Chazal à la tête des JT du week-end de TF1 ?",
			"responses":[
				{"value":"14 ans"},
				{"value":"19 ans"},
				{"value":"24 ans", "correct":true},
				{"value":"29 ans"}
			]
		},
		{
			"question":"Quel pays de l'Union Européenne a intégré la zone euro le 1er janvier 2015 ?",
			"responses":[
				{"value":"Lituanie", "correct":true},
				{"value":"Estonie"},
				{"value":"Irlande"},
				{"value":"Albanie"}
			]
		},
		{
			"question":"Lequel de ces chanteurs n'est pas mort en 2015 ?",
			"responses":[
				{"value":"Demis Roussos"},
				{"value":"Joe Cocker", "correct":true},
				{"value":"Guy Béart"},
				{"value":"Richard Anthony"}
			]
		},
		{
			"question":"Quelle annonce importante a fait la NASA en septembre 2015 ?",
			"responses":[
				{"value":"La découverte d'eau liquide sur Mars", "correct":true},
				{"value":"La découverte de glace sur Mars"},
				{"value":"La découverte de fossiles sur Mars"},
				{"value":"La découverte d'une 9e planète du système solaire"}
			]
		},
		{
			"question":"Combien de régions a remporté le FN aux élections régionales françaises ?",
			"responses":[
				{"value":"0", "correct":true},
				{"value":"1"},
				{"value":"3"},
				{"value":"5"}
			]
		},
		{
			"question":"Quelle était la date de sortie du dernier Star Wars en Belgique ?",
			"responses":[
				{"value":"15 décembre"},
				{"value":"16 décembre", "correct":true},
				{"value":"17 décembre"},
				{"value":"18 décembre"}
			]
		}
	] 
}