{
	"name":"Quiz Brevets Éclaireurs Février 2016",
	"short": "Quiz Brevets",
	"author":"Sébastien Matton",
	"image": {"url":"/img/logo-quiz.svg","ratio":0.6},
	"quizzes": [
		{
			"name":"Pour du beurre",
			"path":"test.json",
			"type":"Pour du beurre",
			"active":true
		},
		{
			"name":"Petit bilan de 2015 !",
			"path":"actualite.json",
			"type":"Standard",
			"active":true
		},
		{
			"name":"Les remèdes de grands-mères",
			"path":"remedes.json",
			"type":"Standard",
			"active":true
		},
		{
			"name":"Prise de tête",
			"path":"prises_tete.json",
			"type":"Contre la montre",
			"active":true
		},
		{
			"name":"Les stars de Disney Channel",
			"path":"stars_disney.json",
			"type":"Standard",
			"active":true
		},
		{
			"name":"Reconnaissance vocale",
			"path":"audio.json",
			"type":"Audio",
			"active":true
		},
		{
			"name":"Des animaux qui pètent un câble",
			"path":"animaux.json",
			"type":"Standard",
			"active":true
		},
		{
			"name":"Une lettre qui s'envole",
			"path":"lettre_entrop.json",
			"type":"Contre la montre",
			"active":true
		},
		{
			"name":"Arts culinaires",
			"path":"cuisine.json",
			"type":"Standard",
			"active":true
		}
	]
}